timestamp,process,lot,device,package,priority,status,age_hr
2026-09-28 20:09,UP CSAM,LOT10860,FPGA-X,BGA,Normal,Waiting,6.8
2026-09-29 00:38,UP CSAM,LOT47194,FPGA-X,BGA,Hot Lot,Waiting,2.4
2026-09-29 00:39,UP CSAM,LOT74820,MI300,LGA,Normal,Waiting,2.4
2026-09-28 15:40,UP CSAM,LOT93104,GPU-AI,LGA,Normal,Waiting,11.3
2026-09-28 18:12,UP CSAM,LOT35658,MI300,PGA,Normal,Waiting,8.8
2026-09-28 13:10,UP CSAM,LOT77435,GPU-AI,BGA,Normal,In Process,13.8
2026-09-28 20:40,UP CSAM,LOT90038,MI300,BGA,Hot Lot,Waiting,6.3
2026-09-28 17:52,UP CSAM,LOT33897,SOC-AUTO,LGA,Hot Lot,Waiting,9.1
2026-09-28 15:54,UP CSAM,LOT58555,SOC-AUTO,PGA,Normal,In Process,11.1
2026-09-28 23:11,UP CSAM,LOT79479,GPU-AI,LGA,Normal,Waiting,3.8
2026-09-28 17:57,UP CSAM,LOT50757,SOC-AUTO,PGA,Normal,In Process,9.1
2026-09-29 01:51,UP CSAM,LOT42606,CPU-GEN5,PGA,Hot Lot,Waiting,1.1
2026-09-28 19:40,UP CSAM,LOT33247,SOC-AUTO,LGA,Normal,In Process,7.3
2026-09-28 17:36,UP CSAM,LOT96779,GPU-AI,BGA,Normal,Waiting,9.4
2026-09-28 15:00,Lid CSAM,LOT58984,AMD-EPYC,BGA,Hot Lot,Waiting,12.0
2026-09-28 12:50,Lid CSAM,LOT97538,AMD-EPYC,PGA,Normal,In Process,14.2
2026-09-28 22:19,Lid CSAM,LOT36854,MI300,BGA,Hot Lot,In Process,4.7
2026-09-28 19:49,Lid CSAM,LOT62256,CPU-GEN5,BGA,Normal,Waiting,7.2
2026-09-28 21:34,Lid CSAM,LOT80592,FPGA-X,BGA,Normal,In Process,5.4
2026-09-29 02:56,Lid CSAM,LOT16910,CPU-GEN5,PGA,Normal,Waiting,0.1
2026-09-28 12:35,Lid CSAM,LOT33419,SOC-AUTO,PGA,Normal,In Process,14.4
2026-09-29 02:09,Lid CSAM,LOT64268,GPU-AI,LGA,Normal,Waiting,0.8
2026-09-28 14:46,DM CSAM,LOT43827,SOC-AUTO,PGA,Normal,Waiting,12.2
2026-09-28 15:59,DM CSAM,LOT74044,CPU-GEN5,BGA,Normal,In Process,11.0
2026-09-28 15:17,DM CSAM,LOT79163,GPU-AI,LGA,Normal,Waiting,11.7
2026-09-28 17:06,DM CSAM,LOT25707,AMD-EPYC,PGA,Normal,Waiting,9.9
2026-09-28 18:34,DM CSAM,LOT71373,AMD-EPYC,BGA,Normal,Waiting,8.4
